{
	"format_version": "1.8.0",
	"animations": {
		"desk_open": {
			"loop": "hold_on_last_frame",
			"animation_length": 2.5,
			"override_previous_animation": true,
			"bones": {
				"paper_in_open": {
					"position": [0, 0, 0]
				},
				"open_small_top2": {
					"position": {
						"0.15": [0, 0, 0],
						"0.2": [0, 0, -1.10186],
						"0.25": [0, 0, -2.15753],
						"0.3": [0, 0, -2.53379],
						"0.35": [0, 0, -2.85835],
						"0.4": [0, 0, -3.14558],
						"0.45": [0, 0, -3.40416],
						"0.5": [0, 0, -3.63976],
						"0.6": [0, 0, -3.85635],
						"0.65": [0, 0, -4.05679],
						"0.7": [0, 0, -4.24327],
						"0.75": [0, 0, -4.41751],
						"0.95": [0, 0, -5.01476],
						"1.2": [0, 0, -5.58642],
						"1.4": [0, 0, -5.9189],
						"1.45": [0, 0, -6]
					}
				},
				"open_small_top": {
					"position": {
						"0.05": [0, 0, 0],
						"0.1": [0, 0, -1.0659],
						"0.15": [0, 0, -1.64037],
						"0.2": [0, 0, -2.0758],
						"0.25": [0, 0, -2.43615],
						"0.3": [0, 0, -2.74734],
						"0.35": [0, 0, -3.02321],
						"0.4": [0, 0, -3.27197],
						"0.45": [0, 0, -3.49903],
						"0.5": [0, 0, -3.70809],
						"0.55": [0, 0, -3.90198],
						"0.6": [0, 0, -4.08279],
						"0.65": [0, 0, -4.25211],
						"0.85": [0, 0, -4.83676],
						"1.1": [0, 0, -5.40847],
						"1.35": [0, 0, -5.83723],
						"1.45": [0, 0, -5.96266],
						"1.5": [0, 0, -6]
					}
				},
				"open_small_bottom": {
					"position": [0, 0, 0]
				},
				"open_big_bottom": {
					"position": {
						"0.0": [0, 0, 0],
						"0.05": [0, 0, -0.04751],
						"0.1": [0, 0, -0.32491],
						"0.15": [0, 0, -0.96088],
						"0.2": [0, 0, -1.93012],
						"0.25": [0, 0, -3.14138],
						"0.3": [0, 0, -4.51568],
						"0.35": [0, 0, -6],
						"0.4": [0, 0, -7.17399],
						"0.45": [0, 0, -7.97644],
						"0.5": [0, 0, -8.59603],
						"0.55": [0, 0, -9.10104],
						"0.6": [0, 0, -9.52528],
						"0.65": [0, 0, -9.88833],
						"0.7": [0, 0, -10.20292],
						"0.75": [0, 0, -10.47777],
						"0.8": [0, 0, -10.7191],
						"0.85": [0, 0, -10.93152],
						"0.9": [0, 0, -11.1187],
						"0.95": [0, 0, -11.28344],
						"1.0": [0, 0, -11.42794],
						"1.05": [0, 0, -11.55393],
						"1.1": [0, 0, -11.66289],
						"1.15": [0, 0, -11.7559],
						"1.2": [0, 0, -11.8338],
						"1.25": [0, 0, -11.89714],
						"1.3": [0, 0, -11.94611],
						"1.35": [0, 0, -11.98041],
						"1.4": [0, 0, -12]
					}
				},
				"open_small_bottom_withpaper": {
					"position": {
						"0.2": [0, 0, 0],
						"0.25": [0, 0, -1.79572],
						"0.3": [0, 0, -2.79687],
						"0.35": [0, 0, -3.58654],
						"0.4": [0, 0, -4.26291],
						"0.45": [0, 0, -4.86547],
						"0.5": [0, 0, -5.41469],
						"0.55": [0, 0, -5.92285],
						"0.6": [0, 0, -6.39809],
						"0.65": [0, 0, -6.84599],
						"0.7": [0, 0, -7.27066],
						"0.75": [0, 0, -7.675],
						"0.8": [0, 0, -8.06151],
						"0.85": [0, 0, -8.43194],
						"0.9": [0, 0, -8.78772],
						"0.95": [0, 0, -9.12999],
						"1.0": [0, 0, -9.45959],
						"1.05": [0, 0, -9.77722],
						"1.1": [0, 0, -10.08327],
						"1.15": [0, 0, -10.37798],
						"1.2": [0, 0, -10.66133],
						"1.25": [0, 0, -10.93302],
						"1.3": [0, 0, -11.19226],
						"1.35": [0, 0, -11.43742],
						"1.4": [0, 0, -11.66521],
						"1.45": [0, 0, -11.86727],
						"1.5": [0, 0, -12]
					}
				}
			},
			"timeline": {
				"0.15": "playsound minecraft:block.ender_chest.open block @a;"
			}
		}
	}
}